title,location,responsibilities,ntile10,ntile25,ntile50,ntile75,ntile90
Data Scientist,"New York, NY",Create data tools for analytics and data scientist team members that assist them in building and optimizing our product into an innovative industry leader.,123501,138561,155102,171349,186141
Data Scientist,"Los Angeles, CA",Create data tools for analytics and data scientist team members that assist them in building and optimizing our product into an innovative industry leader.,116108,130266,145816,161091,174997
Data Scientist,"Chicago, IL",Create data tools for analytics and data scientist team members that assist them in building and optimizing our product into an innovative industry leader.,108912,122193,136779,151107,164152
Data Scientist,"Houston, TX",Create data tools for analytics and data scientist team members that assist them in building and optimizing our product into an innovative industry leader.,105228,118059,132152,145995,158599
Data Scientist,"Phoenix, AZ",Create data tools for analytics and data scientist team members that assist them in building and optimizing our product into an innovative industry leader.,101414,113780,127363,140704,152851
Data Scientist,"Philadelphia, PA",Create data tools for analytics and data scientist team members that assist them in building and optimizing our product into an innovative industry leader.,109971,123380,138109,152576,165747
Data Scientist,"San Antonio, TX",Create data tools for analytics and data scientist team members that assist them in building and optimizing our product into an innovative industry leader.,99828,112000,125371,138503,150460
Data Scientist,"San Diego, CA",Create data tools for analytics and data scientist team members that assist them in building and optimizing our product into an innovative industry leader.,110788,124297,139135,153710,166979
Data Scientist,"Dallas, TX",Create data tools for analytics and data scientist team members that assist them in building and optimizing our product into an innovative industry leader.,101994,114431,128091,141509,153725
Data Scientist,"San Jose, CA",Create data tools for analytics and data scientist team members that assist them in building and optimizing our product into an innovative industry leader.,128840,144550,161806,178755,194187
Data Scientist,"Austin, TX",Create data tools for analytics and data scientist team members that assist them in building and optimizing our product into an innovative industry leader.,100967,113279,126802,140084,152178
Data Scientist,"Jacksonville, FL",Create data tools for analytics and data scientist team members that assist them in building and optimizing our product into an innovative industry leader.,97302,109167,122199,134999,146654
Data Scientist,"Fort Worth, TX",Create data tools for analytics and data scientist team members that assist them in building and optimizing our product into an innovative industry leader.,100034,112232,125630,138790,150771
Data Scientist,"Columbus, OH",Create data tools for analytics and data scientist team members that assist them in building and optimizing our product into an innovative industry leader.,101275,113625,127188,140512,152642
Data Scientist,"Charlotte, NC",Create data tools for analytics and data scientist team members that assist them in building and optimizing our product into an innovative industry leader.,100565,112827,126296,139526,151571
Data Scientist,"San Francisco, CA",Create data tools for analytics and data scientist team members that assist them in building and optimizing our product into an innovative industry leader.,128326,143974,161161,178043,193413
Data Scientist,"Indianapolis, IN",Create data tools for analytics and data scientist team members that assist them in building and optimizing our product into an innovative industry leader.,99889,112070,125448,138589,150553
Data Scientist,"Seattle, WA",Create data tools for analytics and data scientist team members that assist them in building and optimizing our product into an innovative industry leader.,112250,125937,140971,155738,169182
Data Scientist,"Denver, CO",Create data tools for analytics and data scientist team members that assist them in building and optimizing our product into an innovative industry leader.,103821,116481,130386,144044,156479
Data Scientist,"Washington, DC",Create data tools for analytics and data scientist team members that assist them in building and optimizing our product into an innovative industry leader.,114282,128218,143524,158558,172246
Data Scientist,"Boston, MA",Create data tools for analytics and data scientist team members that assist them in building and optimizing our product into an innovative industry leader.,115668,129773,145264,160481,174335
Data Scientist,"El Paso, TX",Create data tools for analytics and data scientist team members that assist them in building and optimizing our product into an innovative industry leader.,89795,100744,112770,124583,135338
Data Scientist,"Nashville, TN",Create data tools for analytics and data scientist team members that assist them in building and optimizing our product into an innovative industry leader.,95407,107041,119819,132370,143797
Data Scientist,"Detroit, MI",Create data tools for analytics and data scientist team members that assist them in building and optimizing our product into an innovative industry leader.,104417,117149,131134,144870,157376
Data Scientist,"Oklahoma City, OK",Create data tools for analytics and data scientist team members that assist them in building and optimizing our product into an innovative industry leader.,93781,105216,117777,130114,141346
Data Scientist,"Portland, OR",Create data tools for analytics and data scientist team members that assist them in building and optimizing our product into an innovative industry leader.,106581,119577,133852,147873,160638
Data Scientist,"Las Vegas, NV",Create data tools for analytics and data scientist team members that assist them in building and optimizing our product into an innovative industry leader.,104868,117656,131701,145497,158057
Data Scientist,"Memphis, TN",Create data tools for analytics and data scientist team members that assist them in building and optimizing our product into an innovative industry leader.,95136,106737,119479,131994,143389
Data Scientist,"Louisville, KY",Create data tools for analytics and data scientist team members that assist them in building and optimizing our product into an innovative industry leader.,96809,108614,121580,134316,145911
Data Scientist,"Baltimore, MD",Create data tools for analytics and data scientist team members that assist them in building and optimizing our product into an innovative industry leader.,105536,118404,132539,146423,159063
Data Scientist,"Milwaukee, WI",Create data tools for analytics and data scientist team members that assist them in building and optimizing our product into an innovative industry leader.,101603,113992,127600,140966,153135
Data Scientist,"Albuquerque, NM",Create data tools for analytics and data scientist team members that assist them in building and optimizing our product into an innovative industry leader.,96111,107831,120703,133347,144859
Data Scientist,"Tucson, AZ",Create data tools for analytics and data scientist team members that assist them in building and optimizing our product into an innovative industry leader.,96460,108223,121142,133831,145385
Data Scientist,"Fresno, CA",Create data tools for analytics and data scientist team members that assist them in building and optimizing our product into an innovative industry leader.,102127,114580,128259,141694,153926
Data Scientist,"Mesa, AZ",Create data tools for analytics and data scientist team members that assist them in building and optimizing our product into an innovative industry leader.,101429,113797,127382,140725,152874
Data Scientist,"Sacramento, CA",Create data tools for analytics and data scientist team members that assist them in building and optimizing our product into an innovative industry leader.,110966,124497,139359,153957,167248
Data Scientist,"Atlanta, GA",Create data tools for analytics and data scientist team members that assist them in building and optimizing our product into an innovative industry leader.,101551,113934,127535,140895,153058
Data Scientist,"Kansas City, MO",Create data tools for analytics and data scientist team members that assist them in building and optimizing our product into an innovative industry leader.,100680,112956,126441,139686,151744
Data Scientist,"Colorado Springs, CO",Create data tools for analytics and data scientist team members that assist them in building and optimizing our product into an innovative industry leader.,102179,114638,128323,141765,154003
Data Scientist,"Omaha, NE",Create data tools for analytics and data scientist team members that assist them in building and optimizing our product into an innovative industry leader.,97060,108895,121895,134663,146288
Data Scientist,"Raleigh, NC",Create data tools for analytics and data scientist team members that assist them in building and optimizing our product into an innovative industry leader.,99345,111459,124765,137834,149733
Data Scientist,"Miami, FL",Create data tools for analytics and data scientist team members that assist them in building and optimizing our product into an innovative industry leader.,99942,112128,125514,138661,150632
Data Scientist,"Long Beach, CA",Create data tools for analytics and data scientist team members that assist them in building and optimizing our product into an innovative industry leader.,114467,128425,143756,158814,172525
Data Scientist,"Virginia Beach, VA",Create data tools for analytics and data scientist team members that assist them in building and optimizing our product into an innovative industry leader.,98144,110112,123256,136167,147922
Data Scientist,"Oakland, CA",Create data tools for analytics and data scientist team members that assist them in building and optimizing our product into an innovative industry leader.,122167,137064,153426,169497,184129
Data Scientist,"Minneapolis, MN",Create data tools for analytics and data scientist team members that assist them in building and optimizing our product into an innovative industry leader.,109375,122712,137361,151750,164850
Data Scientist,"Tulsa, OK",Create data tools for analytics and data scientist team members that assist them in building and optimizing our product into an innovative industry leader.,98493,110503,123694,136652,148449
Data Scientist,"Tampa, FL",Create data tools for analytics and data scientist team members that assist them in building and optimizing our product into an innovative industry leader.,97713,109628,122715,135569,147273
Data Scientist,"Arlington, TX",Create data tools for analytics and data scientist team members that assist them in building and optimizing our product into an innovative industry leader.,99870,112048,125423,138562,150523
Data Scientist,"New Orleans, LA",Create data tools for analytics and data scientist team members that assist them in building and optimizing our product into an innovative industry leader.,101558,113941,127543,140903,153067
Data Scientist,"Wichita, KS",Create data tools for analytics and data scientist team members that assist them in building and optimizing our product into an innovative industry leader.,98863,110918,124159,137164,149006
Data Scientist,"Bakersfield, CA",Create data tools for analytics and data scientist team members that assist them in building and optimizing our product into an innovative industry leader.,109950,123357,138083,152547,165716
Data Scientist,"Cleveland, OH",Create data tools for analytics and data scientist team members that assist them in building and optimizing our product into an innovative industry leader.,101614,114005,127614,140982,153152
Data Scientist,"Aurora, CO",Create data tools for analytics and data scientist team members that assist them in building and optimizing our product into an innovative industry leader.,103752,116404,130300,143949,156375
Data Scientist,"Anaheim, CA",Create data tools for analytics and data scientist team members that assist them in building and optimizing our product into an innovative industry leader.,114724,128713,144078,159171,172911
Data Scientist,"Honolulu, HI",Create data tools for analytics and data scientist team members that assist them in building and optimizing our product into an innovative industry leader.,106419,119395,133648,147648,160394
Data Scientist,"Santa Ana, CA",Create data tools for analytics and data scientist team members that assist them in building and optimizing our product into an innovative industry leader.,114570,128540,143885,158957,172679
Data Scientist,"Riverside, CA",Create data tools for analytics and data scientist team members that assist them in building and optimizing our product into an innovative industry leader.,109827,123219,137928,152376,165531
Data Scientist,"Corpus Christi, TX",Create data tools for analytics and data scientist team members that assist them in building and optimizing our product into an innovative industry leader.,96358,108107,121013,133689,145230
Data Scientist,"Lexington, KY",Create data tools for analytics and data scientist team members that assist them in building and optimizing our product into an innovative industry leader.,96676,108464,121412,134131,145710
Data Scientist,"Henderson, NV",Create data tools for analytics and data scientist team members that assist them in building and optimizing our product into an innovative industry leader.,104458,117195,131185,144927,157438
Data Scientist,"Stockton, CA",Create data tools for analytics and data scientist team members that assist them in building and optimizing our product into an innovative industry leader.,109714,123092,137786,152220,165361
Data Scientist,"Saint Paul, MN",Create data tools for analytics and data scientist team members that assist them in building and optimizing our product into an innovative industry leader.,109375,122712,137361,151750,164850
Data Scientist,"Cincinnati, OH",Create data tools for analytics and data scientist team members that assist them in building and optimizing our product into an innovative industry leader.,100392,112634,126080,139287,151311
Data Scientist,"Pittsburgh, PA",Create data tools for analytics and data scientist team members that assist them in building and optimizing our product into an innovative industry leader.,101121,113452,126995,140298,152410
Data Scientist,"Greensboro, NC",Create data tools for analytics and data scientist team members that assist them in building and optimizing our product into an innovative industry leader.,98112,110076,123216,136123,147874
Data Scientist,"Lincoln, NE",Create data tools for analytics and data scientist team members that assist them in building and optimizing our product into an innovative industry leader.,96592,108370,121307,134014,145583
Data Scientist,"Anchorage, AK",Create data tools for analytics and data scientist team members that assist them in building and optimizing our product into an innovative industry leader.,114180,128103,143395,158416,172091
Data Scientist,"Plano, TX",Create data tools for analytics and data scientist team members that assist them in building and optimizing our product into an innovative industry leader.,101557,113940,127542,140902,153066
Data Scientist,"Orlando, FL",Create data tools for analytics and data scientist team members that assist them in building and optimizing our product into an innovative industry leader.,97662,109570,122650,135498,147195
Data Scientist,"Irvine, CA",Create data tools for analytics and data scientist team members that assist them in building and optimizing our product into an innovative industry leader.,114467,128425,143756,158814,172525
Data Scientist,"Newark, NJ",Create data tools for analytics and data scientist team members that assist them in building and optimizing our product into an innovative industry leader.,117239,131535,147237,162660,176702
Data Scientist,"Durham, NC",Create data tools for analytics and data scientist team members that assist them in building and optimizing our product into an innovative industry leader.,98771,110815,124044,137038,148868
Data Scientist,"Chula Vista, CA",Create data tools for analytics and data scientist team members that assist them in building and optimizing our product into an innovative industry leader.,110788,124297,139135,153710,166979
Data Scientist,"Toledo, OH",Create data tools for analytics and data scientist team members that assist them in building and optimizing our product into an innovative industry leader.,99366,111482,124790,137862,149764
Data Scientist,"Fort Wayne, IN",Create data tools for analytics and data scientist team members that assist them in building and optimizing our product into an innovative industry leader.,95774,107452,120279,132879,144350
Data Scientist,"Laredo, TX",Create data tools for analytics and data scientist team members that assist them in building and optimizing our product into an innovative industry leader.,91502,102659,114914,126952,137911
Data Scientist,"Jersey City, NJ",Create data tools for analytics and data scientist team members that assist them in building and optimizing our product into an innovative industry leader.,123501,138561,155102,171349,186141
Data Scientist,"Chandler, AZ",Create data tools for analytics and data scientist team members that assist them in building and optimizing our product into an innovative industry leader.,101429,113797,127382,140725,152874
Data Scientist,"Madison, WI",Create data tools for analytics and data scientist team members that assist them in building and optimizing our product into an innovative industry leader.,100592,112857,126330,139563,151611
Data Scientist,"Lubbock, TX",Create data tools for analytics and data scientist team members that assist them in building and optimizing our product into an innovative industry leader.,92467,103742,116126,128291,139366
Data Scientist,"Scottsdale, AZ",Create data tools for analytics and data scientist team members that assist them in building and optimizing our product into an innovative industry leader.,101429,113797,127382,140725,152874
Data Scientist,"Reno, NV",Create data tools for analytics and data scientist team members that assist them in building and optimizing our product into an innovative industry leader.,103072,115640,129445,143004,155350
Data Scientist,"Buffalo, NY",Create data tools for analytics and data scientist team members that assist them in building and optimizing our product into an innovative industry leader.,98177,110148,123297,136213,147972
Data Scientist,"Gilbert, AZ",Create data tools for analytics and data scientist team members that assist them in building and optimizing our product into an innovative industry leader.,101429,113797,127382,140725,152874
Data Scientist,"Glendale, AZ",Create data tools for analytics and data scientist team members that assist them in building and optimizing our product into an innovative industry leader.,101414,113780,127363,140704,152851
Data Scientist,"North Las Vegas, NV",Create data tools for analytics and data scientist team members that assist them in building and optimizing our product into an innovative industry leader.,104868,117656,131701,145497,158057
Data Scientist,"Chesapeake, VA",Create data tools for analytics and data scientist team members that assist them in building and optimizing our product into an innovative industry leader.,96543,108315,121245,133945,145509
Data Scientist,"Norfolk, VA",Create data tools for analytics and data scientist team members that assist them in building and optimizing our product into an innovative industry leader.,96666,108453,121400,134116,145694
Data Scientist,"Fremont, CA",Create data tools for analytics and data scientist team members that assist them in building and optimizing our product into an innovative industry leader.,128593,144274,161496,178413,193816
Data Scientist,"Garland, TX",Create data tools for analytics and data scientist team members that assist them in building and optimizing our product into an innovative industry leader.,101775,114185,127816,141205,153395
Data Scientist,"Irving, TX",Create data tools for analytics and data scientist team members that assist them in building and optimizing our product into an innovative industry leader.,101994,114431,128091,141509,153725
Data Scientist,"Hialeah, FL",Create data tools for analytics and data scientist team members that assist them in building and optimizing our product into an innovative industry leader.,99171,111263,124545,137592,149470
Data Scientist,"Richmond, VA",Create data tools for analytics and data scientist team members that assist them in building and optimizing our product into an innovative industry leader.,102435,114926,128645,142121,154390
Data Scientist,"Boise, ID",Create data tools for analytics and data scientist team members that assist them in building and optimizing our product into an innovative industry leader.,95605,107263,120068,132645,144096
Data Scientist,"Spokane, WA",Create data tools for analytics and data scientist team members that assist them in building and optimizing our product into an innovative industry leader.,98965,111033,124288,137307,149160
Data Scientist,"Baton Rouge, LA",Create data tools for analytics and data scientist team members that assist them in building and optimizing our product into an innovative industry leader.,95454,107094,119878,132436,143869
Data Scientist,"Tacoma, WA",Create data tools for analytics and data scientist team members that assist them in building and optimizing our product into an innovative industry leader.,108864,122139,136719,151040,164079
Data Scientist,"San Bernardino, CA",Create data tools for analytics and data scientist team members that assist them in building and optimizing our product into an innovative industry leader.,109369,122705,137353,151741,164841
Data Scientist,"Modesto, CA",Create data tools for analytics and data scientist team members that assist them in building and optimizing our product into an innovative industry leader.,108965,122251,136845,151180,164231
Data Scientist,"Fontana, CA",Create data tools for analytics and data scientist team members that assist them in building and optimizing our product into an innovative industry leader.,109827,123219,137928,152376,165531
Data Scientist,"Des Moines, IA",Create data tools for analytics and data scientist team members that assist them in building and optimizing our product into an innovative industry leader.,99142,111231,124509,137552,149426
Data Scientist,"Moreno Valley, CA",Create data tools for analytics and data scientist team members that assist them in building and optimizing our product into an innovative industry leader.,109745,123127,137825,152263,165407
Data Scientist,"Santa Clarita, CA",Create data tools for analytics and data scientist team members that assist them in building and optimizing our product into an innovative industry leader.,114457,128414,143743,158800,172509
Data Scientist,"Fayetteville, NC",Create data tools for analytics and data scientist team members that assist them in building and optimizing our product into an innovative industry leader.,94202,105689,118305,130698,141981
Data Scientist,"Birmingham, AL",Create data tools for analytics and data scientist team members that assist them in building and optimizing our product into an innovative industry leader.,97200,109052,122070,134857,146499
Data Scientist,"Oxnard, CA",Create data tools for analytics and data scientist team members that assist them in building and optimizing our product into an innovative industry leader.,110053,123472,138212,152690,165871
Data Scientist,"Rochester, NY",Create data tools for analytics and data scientist team members that assist them in building and optimizing our product into an innovative industry leader.,101202,113543,127097,140411,152532
Data Scientist,"Grand Rapids, MI",Create data tools for analytics and data scientist team members that assist them in building and optimizing our product into an innovative industry leader.,99561,111701,125035,138133,150058
Data Scientist,"Huntsville, AL",Create data tools for analytics and data scientist team members that assist them in building and optimizing our product into an innovative industry leader.,97117,108960,121967,134743,146375
Data Scientist,"Salt Lake City, UT",Create data tools for analytics and data scientist team members that assist them in building and optimizing our product into an innovative industry leader.,97560,109456,122523,135357,147042
Data Scientist,"Frisco, TX",Create data tools for analytics and data scientist team members that assist them in building and optimizing our product into an innovative industry leader.,100613,112882,126357,139593,151644
Data Scientist,"Yonkers, NY",Create data tools for analytics and data scientist team members that assist them in building and optimizing our product into an innovative industry leader.,118333,132763,148611,164179,178352
Data Scientist,"Amarillo, TX",Create data tools for analytics and data scientist team members that assist them in building and optimizing our product into an innovative industry leader.,94140,105620,118228,130612,141888
Data Scientist,"Glendale, CA",Create data tools for analytics and data scientist team members that assist them in building and optimizing our product into an innovative industry leader.,116108,130266,145816,161091,174997
Data Scientist,"Huntington Beach, CA",Create data tools for analytics and data scientist team members that assist them in building and optimizing our product into an innovative industry leader.,114467,128425,143756,158814,172525
Data Scientist,"Mckinney, TX",Create data tools for analytics and data scientist team members that assist them in building and optimizing our product into an innovative industry leader.,101173,113509,127060,140369,152487
Data Scientist,"Montgomery, AL",Create data tools for analytics and data scientist team members that assist them in building and optimizing our product into an innovative industry leader.,92067,103293,115624,127735,138762
Data Scientist,"Augusta, GA",Create data tools for analytics and data scientist team members that assist them in building and optimizing our product into an innovative industry leader.,96070,107785,120652,133290,144797
Data Scientist,"Aurora, IL",Create data tools for analytics and data scientist team members that assist them in building and optimizing our product into an innovative industry leader.,108003,121172,135637,149845,162781
Data Scientist,"Akron, OH",Create data tools for analytics and data scientist team members that assist them in building and optimizing our product into an innovative industry leader.,98565,110584,123785,136751,148557
Data Scientist,"Little Rock, AR",Create data tools for analytics and data scientist team members that assist them in building and optimizing our product into an innovative industry leader.,95005,106589,119313,131812,143191
Data Scientist,"Tempe, AZ",Create data tools for analytics and data scientist team members that assist them in building and optimizing our product into an innovative industry leader.,101429,113797,127382,140725,152874
Data Scientist,"Columbus, GA",Create data tools for analytics and data scientist team members that assist them in building and optimizing our product into an innovative industry leader.,93367,104752,117257,129540,140723
Data Scientist,"Overland Park, KS",Create data tools for analytics and data scientist team members that assist them in building and optimizing our product into an innovative industry leader.,100423,112669,126118,139329,151357
Data Scientist,"Grand Prairie, TX",Create data tools for analytics and data scientist team members that assist them in building and optimizing our product into an innovative industry leader.,101775,114185,127816,141205,153395
Data Scientist,"Tallahassee, FL",Create data tools for analytics and data scientist team members that assist them in building and optimizing our product into an innovative industry leader.,93113,104467,116937,129187,140339
Data Scientist,"Cape Coral, FL",Create data tools for analytics and data scientist team members that assist them in building and optimizing our product into an innovative industry leader.,95463,107103,119888,132447,143881
Data Scientist,"Mobile, AL",Create data tools for analytics and data scientist team members that assist them in building and optimizing our product into an innovative industry leader.,95031,106619,119347,131849,143231
Data Scientist,"Knoxville, TN",Create data tools for analytics and data scientist team members that assist them in building and optimizing our product into an innovative industry leader.,94192,105677,118292,130684,141965
Data Scientist,"Shreveport, LA",Create data tools for analytics and data scientist team members that assist them in building and optimizing our product into an innovative industry leader.,94387,105896,118537,130954,142259
Data Scientist,"Worcester, MA",Create data tools for analytics and data scientist team members that assist them in building and optimizing our product into an innovative industry leader.,108102,121284,135762,149984,162931
Data Scientist,"Ontario, CA",Create data tools for analytics and data scientist team members that assist them in building and optimizing our product into an innovative industry leader.,109663,123035,137722,152149,165283
Data Scientist,"Vancouver, WA",Create data tools for analytics and data scientist team members that assist them in building and optimizing our product into an innovative industry leader.,106308,119271,133509,147494,160227
Data Scientist,"Sioux Falls, SD",Create data tools for analytics and data scientist team members that assist them in building and optimizing our product into an innovative industry leader.,92159,103397,115740,127863,138902
Data Scientist,"Chattanooga, TN",Create data tools for analytics and data scientist team members that assist them in building and optimizing our product into an innovative industry leader.,92558,103845,116241,128418,139504
Data Scientist,"Brownsville, TX",Create data tools for analytics and data scientist team members that assist them in building and optimizing our product into an innovative industry leader.,90444,101473,113586,125485,136318
Data Scientist,"Fort Lauderdale, FL",Create data tools for analytics and data scientist team members that assist them in building and optimizing our product into an innovative industry leader.,99694,111851,125203,138318,150259
Data Scientist,"Providence, RI",Create data tools for analytics and data scientist team members that assist them in building and optimizing our product into an innovative industry leader.,107792,120936,135373,149553,162464
Data Scientist,"Newport News, VA",Create data tools for analytics and data scientist team members that assist them in building and optimizing our product into an innovative industry leader.,96173,107900,120781,133433,144952
Data Scientist,"Rancho Cucamonga, CA",Create data tools for analytics and data scientist team members that assist them in building and optimizing our product into an innovative industry leader.,109290,122617,137254,151632,164722
Data Scientist,"Santa Rosa, CA",Create data tools for analytics and data scientist team members that assist them in building and optimizing our product into an innovative industry leader.,112106,125776,140790,155538,168966
Data Scientist,"Peoria, AZ",Create data tools for analytics and data scientist team members that assist them in building and optimizing our product into an innovative industry leader.,101209,113550,127105,140419,152541
Data Scientist,"Oceanside, CA",Create data tools for analytics and data scientist team members that assist them in building and optimizing our product into an innovative industry leader.,110947,124476,139335,153930,167219
Data Scientist,"Elk Grove, CA",Create data tools for analytics and data scientist team members that assist them in building and optimizing our product into an innovative industry leader.,110802,124313,139153,153730,167001
Data Scientist,"Salem, OR",Create data tools for analytics and data scientist team members that assist them in building and optimizing our product into an innovative industry leader.,101088,113415,126954,140252,152360
Data Scientist,"Pembroke Pines, FL",Create data tools for analytics and data scientist team members that assist them in building and optimizing our product into an innovative industry leader.,99047,111125,124391,137421,149284
Data Scientist,"Eugene, OR",Create data tools for analytics and data scientist team members that assist them in building and optimizing our product into an innovative industry leader.,100115,112323,125732,138902,150893
Data Scientist,"Garden Grove, CA",Create data tools for analytics and data scientist team members that assist them in building and optimizing our product into an innovative industry leader.,114724,128713,144078,159171,172911
Data Scientist,"Cary, NC",Create data tools for analytics and data scientist team members that assist them in building and optimizing our product into an innovative industry leader.,99345,111459,124765,137834,149733
Data Scientist,"Fort Collins, CO",Create data tools for analytics and data scientist team members that assist them in building and optimizing our product into an innovative industry leader.,99941,112127,125512,138660,150630
Data Scientist,"Corona, CA",Create data tools for analytics and data scientist team members that assist them in building and optimizing our product into an innovative industry leader.,109663,123035,137722,152149,165283
Data Scientist,"Springfield, MO",Create data tools for analytics and data scientist team members that assist them in building and optimizing our product into an innovative industry leader.,96994,108822,121812,134572,146189
Data Scientist,"Jackson, MS",Create data tools for analytics and data scientist team members that assist them in building and optimizing our product into an innovative industry leader.,91888,103092,115399,127487,138493
Data Scientist,"Alexandria, VA",Create data tools for analytics and data scientist team members that assist them in building and optimizing our product into an innovative industry leader.,114282,128218,143524,158558,172246
Data Scientist,"Hayward, CA",Create data tools for analytics and data scientist team members that assist them in building and optimizing our product into an innovative industry leader.,121961,136833,153168,169212,183820
Data Scientist,"Clarksville, TN",Create data tools for analytics and data scientist team members that assist them in building and optimizing our product into an innovative industry leader.,93247,104617,117106,129373,140542
Data Scientist,"Lancaster, CA",Create data tools for analytics and data scientist team members that assist them in building and optimizing our product into an innovative industry leader.,115492,129575,145043,160236,174069
Data Scientist,"Salinas, CA",Create data tools for analytics and data scientist team members that assist them in building and optimizing our product into an innovative industry leader.,113742,127612,142846,157809,171432
Data Scientist,"Palmdale, CA",Create data tools for analytics and data scientist team members that assist them in building and optimizing our product into an innovative industry leader.,115338,129402,144849,160022,173837
Data Scientist,"Hollywood, FL",Create data tools for analytics and data scientist team members that assist them in building and optimizing our product into an innovative industry leader.,99694,111851,125203,138318,150259
Data Scientist,"Springfield, MA",Create data tools for analytics and data scientist team members that assist them in building and optimizing our product into an innovative industry leader.,106511,119499,133764,147776,160533
Data Scientist,"Macon, GA",Create data tools for analytics and data scientist team members that assist them in building and optimizing our product into an innovative industry leader.,95785,107465,120293,132894,144367
Data Scientist,"Kansas City, KS",Create data tools for analytics and data scientist team members that assist them in building and optimizing our product into an innovative industry leader.,100782,113072,126570,139828,151899
Data Scientist,"Sunnyvale, CA",Create data tools for analytics and data scientist team members that assist them in building and optimizing our product into an innovative industry leader.,128840,144550,161806,178755,194187
Data Scientist,"Pomona, CA",Create data tools for analytics and data scientist team members that assist them in building and optimizing our product into an innovative industry leader.,114477,128437,143769,158829,172540
Data Scientist,"Killeen, TX",Create data tools for analytics and data scientist team members that assist them in building and optimizing our product into an innovative industry leader.,93138,104495,116970,129222,140378
Data Scientist,"Escondido, CA",Create data tools for analytics and data scientist team members that assist them in building and optimizing our product into an innovative industry leader.,110172,123606,138361,152855,166051
Data Scientist,"Pasadena, TX",Create data tools for analytics and data scientist team members that assist them in building and optimizing our product into an innovative industry leader.,104844,117628,131670,145463,158020
Data Scientist,"Naperville, IL",Create data tools for analytics and data scientist team members that assist them in building and optimizing our product into an innovative industry leader.,106953,119995,134320,148390,161200
Data Scientist,"Bellevue, WA",Create data tools for analytics and data scientist team members that assist them in building and optimizing our product into an innovative industry leader.,112250,125937,140971,155738,169182
Data Scientist,"Joliet, IL",Create data tools for analytics and data scientist team members that assist them in building and optimizing our product into an innovative industry leader.,106210,119161,133386,147358,160080
Data Scientist,"Murfreesboro, TN",Create data tools for analytics and data scientist team members that assist them in building and optimizing our product into an innovative industry leader.,94688,106235,118916,131373,142714
Data Scientist,"Midland, TX",Create data tools for analytics and data scientist team members that assist them in building and optimizing our product into an innovative industry leader.,91646,102821,115095,127151,138128
Data Scientist,"Rockford, IL",Create data tools for analytics and data scientist team members that assist them in building and optimizing our product into an innovative industry leader.,101101,113429,126969,140270,152379
Data Scientist,"Paterson, NJ",Create data tools for analytics and data scientist team members that assist them in building and optimizing our product into an innovative industry leader.,118368,132802,148655,164227,178404
Data Scientist,"Savannah, GA",Create data tools for analytics and data scientist team members that assist them in building and optimizing our product into an innovative industry leader.,96466,108228,121148,133839,145393
Data Scientist,"Bridgeport, CT",Create data tools for analytics and data scientist team members that assist them in building and optimizing our product into an innovative industry leader.,116623,130844,146463,161806,175774
Data Scientist,"Torrance, CA",Create data tools for analytics and data scientist team members that assist them in building and optimizing our product into an innovative industry leader.,114467,128425,143756,158814,172525
Data Scientist,"Mcallen, TX",Create data tools for analytics and data scientist team members that assist them in building and optimizing our product into an innovative industry leader.,88289,99054,110879,122494,133068
Data Scientist,"Syracuse, NY",Create data tools for analytics and data scientist team members that assist them in building and optimizing our product into an innovative industry leader.,101188,113527,127079,140391,152510
Data Scientist,"Surprise, AZ",Create data tools for analytics and data scientist team members that assist them in building and optimizing our product into an innovative industry leader.,100524,112781,126245,139469,151509
Data Scientist,"Denton, TX",Create data tools for analytics and data scientist team members that assist them in building and optimizing our product into an innovative industry leader.,100161,112375,125790,138966,150963
Data Scientist,"Roseville, CA",Create data tools for analytics and data scientist team members that assist them in building and optimizing our product into an innovative industry leader.,110679,124175,138998,153559,166815
Data Scientist,"Thornton, CO",Create data tools for analytics and data scientist team members that assist them in building and optimizing our product into an innovative industry leader.,103821,116481,130386,144044,156479
Data Scientist,"Pasadena, CA",Create data tools for analytics and data scientist team members that assist them in building and optimizing our product into an innovative industry leader.,116108,130266,145816,161091,174997
Data Scientist,"Mesquite, TX",Create data tools for analytics and data scientist team members that assist them in building and optimizing our product into an innovative industry leader.,101885,114309,127954,141358,153561
Data Scientist,"Olathe, KS",Create data tools for analytics and data scientist team members that assist them in building and optimizing our product into an innovative industry leader.,100150,112362,125775,138951,150946
Data Scientist,"Dayton, OH",Create data tools for analytics and data scientist team members that assist them in building and optimizing our product into an innovative industry leader.,99797,111966,125332,138461,150414
Data Scientist,"Carrollton, TX",Create data tools for analytics and data scientist team members that assist them in building and optimizing our product into an innovative industry leader.,101721,114124,127748,141130,153313
Data Scientist,"Waco, TX",Create data tools for analytics and data scientist team members that assist them in building and optimizing our product into an innovative industry leader.,93389,104776,117284,129570,140755
Data Scientist,"Orange, CA",Create data tools for analytics and data scientist team members that assist them in building and optimizing our product into an innovative industry leader.,114467,128425,143756,158814,172525
Data Scientist,"Fullerton, CA",Create data tools for analytics and data scientist team members that assist them in building and optimizing our product into an innovative industry leader.,114724,128713,144078,159171,172911
Data Scientist,"Charleston, SC",Create data tools for analytics and data scientist team members that assist them in building and optimizing our product into an innovative industry leader.,97491,109379,122436,135262,146938
Data Scientist,"Visalia, CA",Create data tools for analytics and data scientist team members that assist them in building and optimizing our product into an innovative industry leader.,101511,113889,127485,140839,152998
Data Scientist,"Hampton, VA",Create data tools for analytics and data scientist team members that assist them in building and optimizing our product into an innovative industry leader.,96173,107900,120781,133433,144952
Data Scientist,"Gainesville, FL",Create data tools for analytics and data scientist team members that assist them in building and optimizing our product into an innovative industry leader.,93411,104802,117312,129601,140789
Data Scientist,"Warren, MI",Create data tools for analytics and data scientist team members that assist them in building and optimizing our product into an innovative industry leader.,104417,117149,131134,144870,157376
Data Scientist,"Coral Springs, FL",Create data tools for analytics and data scientist team members that assist them in building and optimizing our product into an innovative industry leader.,99694,111851,125203,138318,150259
Data Scientist,"Cedar Rapids, IA",Create data tools for analytics and data scientist team members that assist them in building and optimizing our product into an innovative industry leader.,97405,109282,122328,135142,146808
Data Scientist,"Round Rock, TX",Create data tools for analytics and data scientist team members that assist them in building and optimizing our product into an innovative industry leader.,100584,112849,126321,139553,151600
Data Scientist,"Sterling Heights, MI",Create data tools for analytics and data scientist team members that assist them in building and optimizing our product into an innovative industry leader.,104088,116780,130721,144414,156881
Data Scientist,"Kent, WA",Create data tools for analytics and data scientist team members that assist them in building and optimizing our product into an innovative industry leader.,108644,121892,136443,150736,163748
Data Scientist,"Columbia, SC",Create data tools for analytics and data scientist team members that assist them in building and optimizing our product into an innovative industry leader.,95130,106730,119471,131986,143380
Data Scientist,"Santa Clara, CA",Create data tools for analytics and data scientist team members that assist them in building and optimizing our product into an innovative industry leader.,128840,144550,161806,178755,194187
Data Scientist,"New Haven, CT",Create data tools for analytics and data scientist team members that assist them in building and optimizing our product into an innovative industry leader.,111254,124820,139720,154356,167682
Data Scientist,"Stamford, CT",Create data tools for analytics and data scientist team members that assist them in building and optimizing our product into an innovative industry leader.,118138,132544,148366,163908,178058
Data Scientist,"Concord, CA",Create data tools for analytics and data scientist team members that assist them in building and optimizing our product into an innovative industry leader.,115124,129162,144581,159726,173515
Data Scientist,"Elizabeth, NJ",Create data tools for analytics and data scientist team members that assist them in building and optimizing our product into an innovative industry leader.,117239,131535,147237,162660,176702
Data Scientist,"Athens, GA",Create data tools for analytics and data scientist team members that assist them in building and optimizing our product into an innovative industry leader.,100833,113128,126633,139898,151975
Data Scientist,"Thousand Oaks, CA",Create data tools for analytics and data scientist team members that assist them in building and optimizing our product into an innovative industry leader.,111719,125342,140304,155002,168382
Data Scientist,"Lafayette, LA",Create data tools for analytics and data scientist team members that assist them in building and optimizing our product into an innovative industry leader.,94322,105823,118456,130865,142162
Data Scientist,"Simi Valley, CA",Create data tools for analytics and data scientist team members that assist them in building and optimizing our product into an innovative industry leader.,112571,126298,141375,156184,169667
Data Scientist,"Topeka, KS",Create data tools for analytics and data scientist team members that assist them in building and optimizing our product into an innovative industry leader.,95978,107681,120536,133162,144658
Data Scientist,"Norman, OK",Create data tools for analytics and data scientist team members that assist them in building and optimizing our product into an innovative industry leader.,93165,104525,117003,129259,140418
Data Scientist,"Fargo, ND",Create data tools for analytics and data scientist team members that assist them in building and optimizing our product into an innovative industry leader.,96317,108061,120961,133632,145168
Data Scientist,"Wilmington, NC",Create data tools for analytics and data scientist team members that assist them in building and optimizing our product into an innovative industry leader.,93637,105055,117596,129915,141130
Data Scientist,"Abilene, TX",Create data tools for analytics and data scientist team members that assist them in building and optimizing our product into an innovative industry leader.,93627,105044,117583,129900,141114
Data Scientist,"Odessa, TX",Create data tools for analytics and data scientist team members that assist them in building and optimizing our product into an innovative industry leader.,91646,102821,115095,127151,138128
Data Scientist,"Columbia, MO",Create data tools for analytics and data scientist team members that assist them in building and optimizing our product into an innovative industry leader.,99958,112147,125534,138684,150657
Data Scientist,"Pearland, TX",Create data tools for analytics and data scientist team members that assist them in building and optimizing our product into an innovative industry leader.,104899,117690,131740,145540,158104
Data Scientist,"Victorville, CA",Create data tools for analytics and data scientist team members that assist them in building and optimizing our product into an innovative industry leader.,108941,122225,136816,151147,164195
Data Scientist,"Hartford, CT",Create data tools for analytics and data scientist team members that assist them in building and optimizing our product into an innovative industry leader.,110340,123795,138573,153089,166304
Data Scientist,"Vallejo, CA",Create data tools for analytics and data scientist team members that assist them in building and optimizing our product into an innovative industry leader.,115371,129439,144890,160068,173886
Data Scientist,"Allentown, PA",Create data tools for analytics and data scientist team members that assist them in building and optimizing our product into an innovative industry leader.,103462,116078,129935,143546,155937
Data Scientist,"Berkeley, CA",Create data tools for analytics and data scientist team members that assist them in building and optimizing our product into an innovative industry leader.,122167,137064,153426,169497,184129
Data Scientist,"Richardson, TX",Create data tools for analytics and data scientist team members that assist them in building and optimizing our product into an innovative industry leader.,101775,114185,127816,141205,153395
Data Scientist,"Arvada, CO",Create data tools for analytics and data scientist team members that assist them in building and optimizing our product into an innovative industry leader.,103821,116481,130386,144044,156479
Data Scientist,"Ann Arbor, MI",Create data tools for analytics and data scientist team members that assist them in building and optimizing our product into an innovative industry leader.,105936,118854,133042,146978,159666
Data Scientist,"Rochester, MN",Create data tools for analytics and data scientist team members that assist them in building and optimizing our product into an innovative industry leader.,99427,111551,124868,137948,149857
Data Scientist,"Cambridge, MA",Create data tools for analytics and data scientist team members that assist them in building and optimizing our product into an innovative industry leader.,115668,129773,145264,160481,174335
Data Scientist,"Sugar Land, TX",Create data tools for analytics and data scientist team members that assist them in building and optimizing our product into an innovative industry leader.,104899,117690,131740,145540,158104
Data Scientist,"Lansing, MI",Create data tools for analytics and data scientist team members that assist them in building and optimizing our product into an innovative industry leader.,99376,111494,124803,137877,149779
Data Scientist,"Evansville, IN",Create data tools for analytics and data scientist team members that assist them in building and optimizing our product into an innovative industry leader.,97032,108864,121860,134625,146247
Data Scientist,"College Station, TX",Create data tools for analytics and data scientist team members that assist them in building and optimizing our product into an innovative industry leader.,91923,103132,115443,127536,138546
Data Scientist,"Fairfield, CA",Create data tools for analytics and data scientist team members that assist them in building and optimizing our product into an innovative industry leader.,115042,129070,144478,159612,173391
Data Scientist,"Clearwater, FL",Create data tools for analytics and data scientist team members that assist them in building and optimizing our product into an innovative industry leader.,97619,109523,122597,135440,147132
Data Scientist,"Beaumont, TX",Create data tools for analytics and data scientist team members that assist them in building and optimizing our product into an innovative industry leader.,99571,111713,125048,138147,150073
Data Scientist,"Independence, MO",Create data tools for analytics and data scientist team members that assist them in building and optimizing our product into an innovative industry leader.,100571,112834,126304,139535,151580
Data Scientist,"Provo, UT",Create data tools for analytics and data scientist team members that assist them in building and optimizing our product into an innovative industry leader.,93986,105447,118034,130399,141656
Data Scientist,"West Jordan, UT",Create data tools for analytics and data scientist team members that assist them in building and optimizing our product into an innovative industry leader.,97205,109058,122076,134864,146507
Data Scientist,"Murrieta, CA",Create data tools for analytics and data scientist team members that assist them in building and optimizing our product into an innovative industry leader.,111965,125618,140614,155343,168754
Data Scientist,"Palm Bay, FL",Create data tools for analytics and data scientist team members that assist them in building and optimizing our product into an innovative industry leader.,93771,105205,117764,130100,141331
Data Scientist,"El Monte, CA",Create data tools for analytics and data scientist team members that assist them in building and optimizing our product into an innovative industry leader.,115985,130127,145661,160920,174812
Data Scientist,"Carlsbad, CA",Create data tools for analytics and data scientist team members that assist them in building and optimizing our product into an innovative industry leader.,110172,123606,138361,152855,166051
Data Scientist,"North Charleston, SC",Create data tools for analytics and data scientist team members that assist them in building and optimizing our product into an innovative industry leader.,97491,109379,122436,135262,146938
Data Scientist,"Temecula, CA",Create data tools for analytics and data scientist team members that assist them in building and optimizing our product into an innovative industry leader.,110421,123886,138675,153201,166427
Data Scientist,"Clovis, CA",Create data tools for analytics and data scientist team members that assist them in building and optimizing our product into an innovative industry leader.,101799,114212,127846,141238,153431
Data Scientist,"Springfield, IL",Create data tools for analytics and data scientist team members that assist them in building and optimizing our product into an innovative industry leader.,94755,106309,119000,131466,142815
Data Scientist,"Meridian, ID",Create data tools for analytics and data scientist team members that assist them in building and optimizing our product into an innovative industry leader.,95503,107148,119939,132503,143941
Data Scientist,"Westminster, CO",Create data tools for analytics and data scientist team members that assist them in building and optimizing our product into an innovative industry leader.,103821,116481,130386,144044,156479
Data Scientist,"Costa Mesa, CA",Create data tools for analytics and data scientist team members that assist them in building and optimizing our product into an innovative industry leader.,114467,128425,143756,158814,172525
Data Scientist,"High Point, NC",Create data tools for analytics and data scientist team members that assist them in building and optimizing our product into an innovative industry leader.,98698,110734,123952,136937,148758
Data Scientist,"Manchester, NH",Create data tools for analytics and data scientist team members that assist them in building and optimizing our product into an innovative industry leader.,105330,118174,132281,146138,158754
Data Scientist,"Pueblo, CO",Create data tools for analytics and data scientist team members that assist them in building and optimizing our product into an innovative industry leader.,95208,106817,119569,132094,143497
Data Scientist,"Lakeland, FL",Create data tools for analytics and data scientist team members that assist them in building and optimizing our product into an innovative industry leader.,97090,108929,121932,134705,146333
Data Scientist,"Pompano Beach, FL",Create data tools for analytics and data scientist team members that assist them in building and optimizing our product into an innovative industry leader.,99694,111851,125203,138318,150259
Data Scientist,"West Palm Beach, FL",Create data tools for analytics and data scientist team members that assist them in building and optimizing our product into an innovative industry leader.,100293,112522,125955,139149,151161
Data Scientist,"Antioch, CA",Create data tools for analytics and data scientist team members that assist them in building and optimizing our product into an innovative industry leader.,117425,131743,147470,162918,176982
Data Scientist,"Everett, WA",Create data tools for analytics and data scientist team members that assist them in building and optimizing our product into an innovative industry leader.,109847,123242,137954,152405,165562
Data Scientist,"Downey, CA",Create data tools for analytics and data scientist team members that assist them in building and optimizing our product into an innovative industry leader.,115003,129026,144429,159558,173332
Data Scientist,"Lowell, MA",Create data tools for analytics and data scientist team members that assist them in building and optimizing our product into an innovative industry leader.,111901,125546,140533,155254,168656
Data Scientist,"Elgin, IL",Create data tools for analytics and data scientist team members that assist them in building and optimizing our product into an innovative industry leader.,107062,120117,134456,148541,161364
Data Scientist,"Richmond, CA",Create data tools for analytics and data scientist team members that assist them in building and optimizing our product into an innovative industry leader.,121872,136733,153055,169088,183685
Data Scientist,"Peoria, IL",Create data tools for analytics and data scientist team members that assist them in building and optimizing our product into an innovative industry leader.,99160,111252,124533,137578,149454
Data Scientist,"Broken Arrow, OK",Create data tools for analytics and data scientist team members that assist them in building and optimizing our product into an innovative industry leader.,98185,110158,123308,136224,147984
Data Scientist,"Miami Gardens, FL",Create data tools for analytics and data scientist team members that assist them in building and optimizing our product into an innovative industry leader.,99171,111263,124545,137592,149470
Data Scientist,"Billings, MT",Create data tools for analytics and data scientist team members that assist them in building and optimizing our product into an innovative industry leader.,98317,110305,123473,136407,148182
Data Scientist,"Gresham, OR",Create data tools for analytics and data scientist team members that assist them in building and optimizing our product into an innovative industry leader.,106444,119424,133680,147683,160432
Data Scientist,"Lewisville, TX",Create data tools for analytics and data scientist team members that assist them in building and optimizing our product into an innovative industry leader.,100452,112701,126154,139369,151401
Data Scientist,"Hillsboro, OR",Create data tools for analytics and data scientist team members that assist them in building and optimizing our product into an innovative industry leader.,106239,119193,133422,147398,160123
Data Scientist,"Ventura, CA",Create data tools for analytics and data scientist team members that assist them in building and optimizing our product into an innovative industry leader.,110053,123472,138212,152690,165871
Data Scientist,"Greeley, CO",Create data tools for analytics and data scientist team members that assist them in building and optimizing our product into an innovative industry leader.,100325,112558,125995,139193,151209
Data Scientist,"Inglewood, CA",Create data tools for analytics and data scientist team members that assist them in building and optimizing our product into an innovative industry leader.,116108,130266,145816,161091,174997
Data Scientist,"Waterbury, CT",Create data tools for analytics and data scientist team members that assist them in building and optimizing our product into an innovative industry leader.,110670,124165,138987,153546,166801
Data Scientist,"League City, TX",Create data tools for analytics and data scientist team members that assist them in building and optimizing our product into an innovative industry leader.,102089,114538,128211,141641,153869
Data Scientist,"Santa Maria, CA",Create data tools for analytics and data scientist team members that assist them in building and optimizing our product into an innovative industry leader.,108953,122239,136831,151164,164214
Data Scientist,"Tyler, TX",Create data tools for analytics and data scientist team members that assist them in building and optimizing our product into an innovative industry leader.,92910,104240,116683,128906,140034
Data Scientist,"Lakewood, NJ",Create data tools for analytics and data scientist team members that assist them in building and optimizing our product into an innovative industry leader.,115339,129403,144850,160024,173838
Data Scientist,"Daly City, CA",Create data tools for analytics and data scientist team members that assist them in building and optimizing our product into an innovative industry leader.,128326,143974,161161,178043,193413
Data Scientist,"Boulder, CO",Create data tools for analytics and data scientist team members that assist them in building and optimizing our product into an innovative industry leader.,105166,117990,132075,145910,158506
Data Scientist,"Allen, TX",Create data tools for analytics and data scientist team members that assist them in building and optimizing our product into an innovative industry leader.,100959,113270,126791,140073,152165
Data Scientist,"West Covina, CA",Create data tools for analytics and data scientist team members that assist them in building and optimizing our product into an innovative industry leader.,114477,128437,143769,158829,172540
Data Scientist,"Sparks, NV",Create data tools for analytics and data scientist team members that assist them in building and optimizing our product into an innovative industry leader.,103072,115640,129445,143004,155350
Data Scientist,"Wichita Falls, TX",Create data tools for analytics and data scientist team members that assist them in building and optimizing our product into an innovative industry leader.,93740,105170,117725,130057,141285
Data Scientist,"Green Bay, WI",Create data tools for analytics and data scientist team members that assist them in building and optimizing our product into an innovative industry leader.,98483,110492,123682,136637,148433
Data Scientist,"San Mateo, CA",Create data tools for analytics and data scientist team members that assist them in building and optimizing our product into an innovative industry leader.,125000,140242,156984,173428,188400
Data Scientist,"Norwalk, CA",Create data tools for analytics and data scientist team members that assist them in building and optimizing our product into an innovative industry leader.,114575,128546,143891,158964,172687
Data Scientist,"Rialto, CA",Create data tools for analytics and data scientist team members that assist them in building and optimizing our product into an innovative industry leader.,109369,122705,137353,151741,164841
Data Scientist,"Las Cruces, NM",Create data tools for analytics and data scientist team members that assist them in building and optimizing our product into an innovative industry leader.,87262,97903,109590,121069,131521
Data Scientist,"Chico, CA",Create data tools for analytics and data scientist team members that assist them in building and optimizing our product into an innovative industry leader.,104777,117553,131586,145370,157920
Data Scientist,"El Cajon, CA",Create data tools for analytics and data scientist team members that assist them in building and optimizing our product into an innovative industry leader.,110459,123928,138722,153254,166484
Data Scientist,"Burbank, CA",Create data tools for analytics and data scientist team members that assist them in building and optimizing our product into an innovative industry leader.,116108,130266,145816,161091,174997
Data Scientist,"South Bend, IN",Create data tools for analytics and data scientist team members that assist them in building and optimizing our product into an innovative industry leader.,96799,108603,121567,134302,145895
Data Scientist,"Renton, WA",Create data tools for analytics and data scientist team members that assist them in building and optimizing our product into an innovative industry leader.,112140,125814,140833,155585,169017
Data Scientist,"Vista, CA",Create data tools for analytics and data scientist team members that assist them in building and optimizing our product into an innovative industry leader.,110172,123606,138361,152855,166051
Data Scientist,"Davenport, IA",Create data tools for analytics and data scientist team members that assist them in building and optimizing our product into an innovative industry leader.,97703,109616,122702,135555,147257
Data Scientist,"Edinburg, TX",Create data tools for analytics and data scientist team members that assist them in building and optimizing our product into an innovative industry leader.,88289,99054,110879,122494,133068
Data Scientist,"Tuscaloosa, AL",Create data tools for analytics and data scientist team members that assist them in building and optimizing our product into an innovative industry leader.,96249,107985,120876,133538,145066
Data Scientist,"Carmel, IN",Create data tools for analytics and data scientist team members that assist them in building and optimizing our product into an innovative industry leader.,99766,111931,125293,138418,150367
Data Scientist,"San Angelo, TX",Create data tools for analytics and data scientist team members that assist them in building and optimizing our product into an innovative industry leader.,92806,104122,116552,128761,139876
Data Scientist,"Vacaville, CA",Create data tools for analytics and data scientist team members that assist them in building and optimizing our product into an innovative industry leader.,114312,128251,143561,158599,172291
Data Scientist,"Clinton, MI",Create data tools for analytics and data scientist team members that assist them in building and optimizing our product into an innovative industry leader.,105443,118301,132423,146294,158924
Data Scientist,"Bend, OR",Create data tools for analytics and data scientist team members that assist them in building and optimizing our product into an innovative industry leader.,98977,111046,124302,137323,149177
Data Scientist,"Woodbridge, NJ",Create data tools for analytics and data scientist team members that assist them in building and optimizing our product into an innovative industry leader.,115186,129231,144658,159812,173608
